{"cameraMode":{"drawMode":0,"name":"Shaded","section":"Shading Mode"},"sceneLighting":true,"audioPlay":false,"sceneViewState":{"showFog":true,"showMaterialUpdate":true,"showSkybox":true,"showFlares":true,"showImageEffects":true,"showParticleSystems":true},"in2DMode":false,"pivot":{"x":185.13119506835938,"y":112.93482971191406,"z":0.0},"rotation":{"x":-0.12760205566883088,"y":0.12580522894859315,"z":-0.016328761354088784,"w":-0.9836788773536682},"size":300.25091552734377,"orthographic":true}